Song_ID,Genre,Artist,Streams_Million,Duration_Min,Popularity_Score,Mood
1,Classical,Imagine Dragons,82.89,2.79,81,Energetic
2,R&B,Taylor,404.6,2.47,65,Sad
3,Rock,Billie Eilish,274.34,5.26,91,Energetic
4,Rock,Billie Eilish,108.13,4.91,67,Sad
5,Rock,Imagine Dragons,112.15,3.42,92,Happy
6,Jazz,Ariana,80.36,3.14,81,Sad
7,Rock,Billie Eilish,277.9,3.89,49,Sad
8,Pop,BTS,223.21,2.47,76,Sad
9,EDM,Drake,445.22,2.94,62,Energetic
10,Classical,Billie Eilish,81.32,4.78,86,Sad
11,Classical,Ariana,87.88,3.78,73,Relaxing
12,Jazz,Taylor,376.02,3.38,64,Happy
13,R&B,Billie Eilish,129.55,4.6,64,Sad
14,Rock,Billie Eilish,294.78,2.34,93,Sad
15,Pop,Taylor,68.59,5.57,61,Happy
16,Rock,The Weeknd,35.58,5.69,71,Happy
17,Hip Hop,Imagine Dragons,13.14,4.94,68,Relaxing
18,Classical,BTS,273.62,3.43,73,Happy
19,Classical,Imagine Dragons,472.26,2.34,85,Sad
20,Hip Hop,Taylor,227.26,5.01,69,Relaxing
21,Classical,Billie Eilish,230.99,4.7,61,Sad
22,Jazz,BTS,191.64,3.77,71,Energetic
23,Jazz,BTS,39.51,4.62,48,Sad
24,R&B,Imagine Dragons,351.45,3.18,74,Sad
25,Jazz,Taylor,333.73,2.76,77,Energetic
26,Hip Hop,Billie Eilish,174.24,3.06,65,Relaxing
27,Jazz,Drake,405.83,4.82,42,Relaxing
28,Jazz,Billie Eilish,133.61,3.3,94,Sad
29,Hip Hop,Ariana,154.0,2.29,73,Energetic
30,Hip Hop,Ariana,162.47,3.47,40,Sad
31,Hip Hop,Taylor,130.02,5.84,96,Happy
32,R&B,Taylor,44.63,4.64,50,Sad
33,Jazz,Ariana,104.2,5.7,57,Sad
34,Rock,Imagine Dragons,439.13,2.26,96,Relaxing
35,Jazz,Imagine Dragons,428.83,2.6,41,Relaxing
36,EDM,BTS,229.94,4.48,44,Relaxing
37,Classical,BTS,365.12,2.86,40,Sad
38,EDM,Ariana,212.14,5.46,66,Sad
39,Jazz,The Weeknd,463.66,4.08,48,Energetic
40,EDM,Imagine Dragons,79.28,4.57,91,Happy
41,Classical,The Weeknd,299.15,2.54,97,Happy
42,EDM,Imagine Dragons,30.35,4.19,74,Energetic
43,Jazz,Drake,173.73,5.62,73,Relaxing
44,EDM,Taylor,76.32,2.53,63,Energetic
45,Classical,BTS,18.02,5.97,88,Energetic
46,Rock,Drake,140.58,4.54,96,Energetic
47,Rock,Drake,480.07,4.64,72,Energetic
48,Pop,Billie Eilish,249.18,3.48,58,Sad
49,Pop,Imagine Dragons,409.68,2.11,96,Relaxing
50,EDM,Billie Eilish,409.43,3.82,89,Sad
51,Classical,Imagine Dragons,287.65,2.62,54,Energetic
52,Hip Hop,Drake,381.0,5.79,61,Happy
53,Classical,Ariana,287.23,5.83,98,Sad
54,Rock,Drake,185.87,2.02,52,Relaxing
55,Classical,Drake,362.54,2.41,42,Happy
56,Pop,BTS,460.91,4.44,100,Sad
57,Rock,Taylor,384.02,5.65,46,Energetic
58,Rock,The Weeknd,478.6,2.09,70,Relaxing
59,Rock,BTS,188.32,3.41,90,Sad
60,Jazz,The Weeknd,450.45,4.12,69,Relaxing
61,Pop,Taylor,217.68,4.95,98,Happy
62,EDM,The Weeknd,466.44,3.56,45,Happy
63,Hip Hop,Imagine Dragons,261.11,4.46,87,Happy
64,Rock,Taylor,431.92,5.34,95,Energetic
65,EDM,Drake,394.27,2.24,46,Energetic
66,EDM,Ariana,127.74,4.05,84,Relaxing
67,Jazz,Imagine Dragons,62.84,5.66,50,Relaxing
68,Rock,Imagine Dragons,377.97,4.94,51,Sad
69,Jazz,Ariana,294.94,4.44,61,Happy
70,Hip Hop,Billie Eilish,78.45,5.22,54,Energetic
71,Pop,Ariana,270.01,2.74,88,Energetic
72,Jazz,Drake,385.21,5.28,55,Relaxing
73,Classical,Billie Eilish,493.71,3.46,42,Sad
74,Rock,BTS,332.35,4.09,89,Relaxing
75,EDM,BTS,369.4,4.33,57,Sad
76,EDM,The Weeknd,300.74,5.61,84,Happy
77,Hip Hop,The Weeknd,223.9,2.19,78,Happy
78,R&B,Drake,99.27,2.24,75,Sad
79,Pop,Ariana,270.06,5.57,54,Sad
80,Jazz,BTS,284.85,4.37,50,Happy
81,Jazz,The Weeknd,46.3,3.17,76,Energetic
82,Rock,Ariana,60.12,2.99,71,Happy
83,Classical,Taylor,134.58,3.95,90,Sad
84,Pop,Imagine Dragons,355.82,4.07,45,Sad
85,Jazz,Drake,315.66,5.11,44,Energetic
86,Jazz,Taylor,294.41,5.3,98,Happy
87,Hip Hop,Billie Eilish,405.71,2.89,47,Sad
88,Hip Hop,Imagine Dragons,494.74,5.16,65,Energetic
89,R&B,Ariana,359.35,5.42,80,Sad
90,EDM,Imagine Dragons,387.44,5.36,85,Sad
91,R&B,BTS,196.92,5.17,41,Energetic
92,Classical,The Weeknd,346.94,4.32,56,Happy
93,Jazz,Ariana,223.21,2.0,52,Relaxing
94,Classical,Billie Eilish,186.72,2.05,97,Energetic
95,EDM,The Weeknd,264.04,5.43,80,Relaxing
96,Classical,Billie Eilish,97.5,4.7,57,Sad
97,Rock,Taylor,253.34,2.06,76,Sad
98,Jazz,The Weeknd,447.67,2.0,96,Relaxing
99,Classical,Imagine Dragons,326.6,2.74,49,Happy
100,EDM,Billie Eilish,237.18,5.79,70,Happy
101,R&B,Billie Eilish,174.37,4.3,64,Relaxing
102,Pop,Ariana,132.56,4.35,57,Energetic
103,Hip Hop,The Weeknd,101.99,2.24,80,Sad
104,Pop,Billie Eilish,39.55,5.19,42,Happy
105,R&B,The Weeknd,187.58,2.83,85,Happy
106,Jazz,The Weeknd,35.04,3.79,82,Relaxing
107,R&B,Taylor,10.47,2.47,77,Sad
108,Classical,Imagine Dragons,459.31,5.99,67,Energetic
109,Classical,BTS,85.55,2.01,80,Sad
110,Rock,BTS,284.43,2.35,87,Energetic
111,EDM,Billie Eilish,247.63,5.46,87,Sad
112,Jazz,Billie Eilish,1.3,4.79,64,Energetic
113,Classical,BTS,446.84,2.27,79,Relaxing
114,EDM,Taylor,4.35,5.12,100,Sad
115,Jazz,Taylor,228.09,3.01,76,Relaxing
116,EDM,Imagine Dragons,18.27,4.99,77,Sad
117,EDM,BTS,411.98,3.79,51,Sad
118,EDM,Taylor,86.03,2.1,95,Happy
119,EDM,Imagine Dragons,442.62,3.8,100,Relaxing
120,R&B,Billie Eilish,13.23,2.81,62,Energetic
121,Hip Hop,Imagine Dragons,75.16,2.18,84,Energetic
122,Rock,Billie Eilish,408.71,5.97,49,Relaxing
123,Classical,Ariana,306.08,3.95,45,Happy
124,Classical,Billie Eilish,327.22,2.29,59,Sad
125,Rock,BTS,5.26,4.83,61,Happy
126,Pop,Billie Eilish,385.65,3.85,93,Relaxing
127,Pop,Billie Eilish,401.35,5.77,41,Relaxing
128,EDM,BTS,39.11,5.66,57,Sad
129,Jazz,Taylor,396.94,2.48,56,Sad
130,Classical,Ariana,489.77,5.91,71,Sad
131,Rock,Taylor,12.11,4.79,62,Energetic
132,Classical,Imagine Dragons,77.17,4.99,47,Energetic
133,EDM,Taylor,81.04,3.97,51,Sad
134,Pop,The Weeknd,140.63,2.52,97,Happy
135,Pop,BTS,294.96,3.73,89,Relaxing
136,Rock,BTS,349.74,5.81,81,Energetic
137,EDM,BTS,330.85,4.31,54,Sad
138,Hip Hop,Drake,248.42,5.88,91,Energetic
139,Rock,Taylor,246.41,4.45,85,Energetic
140,Pop,Drake,35.12,4.86,42,Sad
141,Classical,Billie Eilish,279.42,3.56,79,Sad
142,EDM,Imagine Dragons,368.79,2.68,47,Sad
143,Classical,BTS,215.15,5.32,75,Relaxing
144,Classical,Drake,327.68,4.23,45,Relaxing
145,Rock,Billie Eilish,75.42,3.77,55,Relaxing
146,R&B,Billie Eilish,399.89,3.35,85,Relaxing
147,EDM,Taylor,246.84,2.05,75,Relaxing
148,Rock,Taylor,367.29,5.71,97,Happy
149,Jazz,Billie Eilish,164.58,5.31,86,Energetic
150,Classical,BTS,104.99,4.08,43,Relaxing
151,Pop,BTS,455.19,2.17,40,Happy
152,Jazz,Taylor,89.88,2.97,92,Sad
153,Rock,Drake,103.88,3.84,84,Energetic
154,Pop,The Weeknd,149.08,5.69,55,Happy
155,Hip Hop,BTS,359.0,5.95,62,Happy
156,Rock,The Weeknd,383.39,2.38,76,Sad
157,EDM,Imagine Dragons,284.69,4.57,97,Sad
158,Hip Hop,BTS,263.52,5.84,87,Happy
159,Pop,Ariana,266.94,3.13,70,Sad
160,Hip Hop,Billie Eilish,387.26,3.72,83,Sad
161,Classical,BTS,216.66,2.43,79,Relaxing
162,Rock,The Weeknd,167.34,2.8,77,Energetic
163,Rock,Billie Eilish,124.6,2.38,57,Happy
164,Jazz,Ariana,165.21,5.3,48,Sad
165,Hip Hop,BTS,314.41,5.78,72,Relaxing
166,Jazz,Ariana,431.23,4.58,73,Energetic
167,Hip Hop,Imagine Dragons,183.21,4.9,40,Sad
168,Pop,The Weeknd,156.0,3.12,100,Sad
169,Classical,BTS,199.32,5.12,63,Relaxing
170,EDM,The Weeknd,287.67,5.3,65,Happy
171,Jazz,BTS,466.24,4.95,71,Happy
172,Classical,Imagine Dragons,68.31,4.08,40,Sad
173,Classical,Ariana,397.65,4.46,100,Happy
174,Hip Hop,Ariana,381.59,3.11,58,Happy
175,Rock,Imagine Dragons,421.5,3.72,58,Happy
176,EDM,Ariana,388.22,4.8,50,Relaxing
177,Rock,Ariana,30.82,4.69,68,Relaxing
178,Classical,The Weeknd,86.71,4.79,93,Energetic
179,Classical,The Weeknd,475.15,4.52,58,Happy
180,Pop,BTS,102.45,2.39,84,Relaxing
181,Classical,The Weeknd,206.71,3.57,91,Happy
182,Hip Hop,Billie Eilish,381.17,5.4,65,Relaxing
183,Rock,The Weeknd,46.61,4.25,77,Relaxing
184,EDM,BTS,76.48,3.31,79,Happy
185,Jazz,BTS,231.08,4.42,73,Energetic
186,Rock,Imagine Dragons,188.79,2.26,51,Sad
187,R&B,Imagine Dragons,468.14,3.04,49,Energetic
188,Classical,Taylor,416.87,4.17,86,Happy
189,Rock,Billie Eilish,426.17,4.34,48,Happy
190,Jazz,Taylor,27.62,2.22,93,Happy
191,Pop,BTS,367.71,5.07,66,Energetic
192,EDM,Imagine Dragons,448.44,3.17,70,Relaxing
193,Rock,BTS,163.82,4.16,95,Relaxing
194,Pop,BTS,473.52,4.5,72,Energetic
195,Classical,Billie Eilish,217.42,5.58,44,Energetic
196,Jazz,The Weeknd,386.34,3.07,84,Happy
197,Hip Hop,Ariana,367.56,4.28,62,Happy
198,EDM,Billie Eilish,276.35,5.77,94,Energetic
199,Pop,Drake,423.1,2.49,85,Sad
200,EDM,Imagine Dragons,153.54,2.46,45,Happy
201,Hip Hop,Drake,420.66,2.15,82,Happy
202,Rock,Drake,255.85,3.95,77,Energetic
203,Hip Hop,Imagine Dragons,433.97,4.9,97,Happy
204,Classical,Imagine Dragons,476.12,5.22,65,Energetic
205,Rock,Imagine Dragons,202.7,3.72,97,Happy
206,R&B,Ariana,309.08,2.45,90,Happy
207,Classical,The Weeknd,360.92,4.6,84,Happy
208,R&B,Billie Eilish,209.83,4.56,43,Relaxing
209,Pop,The Weeknd,24.51,2.14,90,Relaxing
210,Pop,Imagine Dragons,151.06,3.69,59,Energetic
211,Rock,Ariana,153.68,2.11,76,Relaxing
212,Jazz,The Weeknd,334.28,3.45,86,Happy
213,Rock,Taylor,90.34,2.54,63,Sad
214,Jazz,Taylor,269.8,3.14,90,Energetic
215,Rock,BTS,386.81,5.61,56,Sad
216,Rock,Drake,314.75,5.69,90,Relaxing
217,Jazz,Taylor,152.28,5.66,57,Happy
218,EDM,Ariana,406.3,5.03,63,Happy
219,Classical,Imagine Dragons,251.42,3.95,75,Relaxing
220,Jazz,The Weeknd,108.37,4.85,50,Happy
221,Rock,Ariana,105.54,5.69,46,Energetic
222,Classical,BTS,140.96,4.52,61,Sad
223,Jazz,Taylor,191.51,3.47,44,Energetic
224,EDM,Billie Eilish,303.31,5.98,58,Relaxing
225,Pop,The Weeknd,316.72,3.24,68,Sad
226,Classical,Drake,49.76,2.42,89,Relaxing
227,Classical,Drake,205.44,4.14,86,Sad
228,Pop,Imagine Dragons,265.28,4.73,91,Energetic
229,Hip Hop,Ariana,117.38,2.14,75,Relaxing
230,Classical,Imagine Dragons,73.94,4.5,82,Happy
231,Hip Hop,Taylor,111.46,3.69,77,Sad
232,R&B,Taylor,360.12,4.47,49,Relaxing
233,Classical,BTS,101.34,3.95,90,Relaxing
234,Pop,Billie Eilish,51.97,4.38,73,Relaxing
235,R&B,Ariana,76.51,3.97,72,Relaxing
236,EDM,Imagine Dragons,265.99,3.21,52,Happy
237,Classical,Imagine Dragons,7.41,2.63,82,Sad
238,EDM,Drake,54.79,4.05,88,Happy
239,R&B,Imagine Dragons,201.25,4.97,89,Energetic
240,Classical,Billie Eilish,31.56,2.76,52,Relaxing
241,Jazz,The Weeknd,366.7,5.45,61,Relaxing
242,EDM,Billie Eilish,297.43,4.16,83,Happy
243,EDM,Ariana,363.63,5.96,77,Energetic
244,Jazz,Imagine Dragons,113.91,2.8,74,Relaxing
245,R&B,Taylor,136.81,2.89,82,Energetic
246,Pop,Ariana,123.0,2.76,94,Sad
247,EDM,Billie Eilish,22.88,3.58,84,Relaxing
248,Classical,Imagine Dragons,421.96,2.25,84,Relaxing
249,Rock,Imagine Dragons,415.57,5.48,70,Happy
250,R&B,Billie Eilish,442.97,2.25,43,Happy
251,Rock,The Weeknd,12.4,5.57,57,Sad
252,Jazz,BTS,166.98,5.68,96,Happy
253,Classical,Billie Eilish,61.79,4.28,71,Relaxing
254,Jazz,The Weeknd,396.35,5.39,97,Energetic
255,Rock,Drake,316.35,2.41,64,Energetic
256,R&B,Imagine Dragons,434.19,2.86,82,Relaxing
257,Pop,BTS,151.44,5.59,87,Energetic
258,Jazz,Taylor,313.63,5.48,49,Sad
259,Classical,The Weeknd,324.84,3.74,84,Energetic
260,Pop,BTS,329.03,3.92,88,Happy
261,Jazz,Taylor,468.93,4.64,72,Sad
262,Pop,BTS,474.85,3.0,80,Relaxing
263,R&B,Imagine Dragons,428.05,3.31,50,Energetic
264,R&B,Drake,254.78,5.22,63,Relaxing
265,Jazz,Billie Eilish,383.19,5.61,79,Sad
266,Classical,Ariana,29.72,5.96,51,Happy
267,Classical,The Weeknd,78.38,3.66,55,Energetic
268,R&B,Taylor,428.39,4.06,83,Energetic
269,Pop,Taylor,54.22,4.88,82,Energetic
270,EDM,Billie Eilish,319.08,3.96,85,Happy
271,Pop,Billie Eilish,34.79,5.29,67,Happy
272,Rock,Drake,481.13,5.49,90,Happy
273,Rock,Billie Eilish,249.66,2.43,55,Relaxing
274,Classical,Imagine Dragons,127.04,2.66,71,Happy
275,Rock,The Weeknd,103.65,2.92,43,Relaxing
276,Hip Hop,Imagine Dragons,322.06,3.08,91,Energetic
277,EDM,The Weeknd,73.39,4.81,67,Happy
278,Pop,Imagine Dragons,7.85,5.73,74,Energetic
279,Pop,Billie Eilish,66.21,3.69,59,Sad
280,Pop,Taylor,406.19,3.98,77,Energetic
281,Hip Hop,Ariana,85.71,5.55,46,Sad
282,Jazz,Drake,474.01,5.38,87,Happy
283,Classical,BTS,139.79,2.57,84,Energetic
284,R&B,Drake,86.88,5.21,81,Happy
285,R&B,Drake,165.88,4.14,62,Sad
286,Hip Hop,Taylor,177.58,2.61,93,Sad
287,Rock,Taylor,205.68,4.73,44,Energetic
288,R&B,Imagine Dragons,124.09,3.09,82,Happy
289,Pop,Ariana,365.17,5.77,78,Happy
290,EDM,Drake,89.44,2.71,57,Sad
291,Pop,Billie Eilish,208.19,4.79,84,Energetic
292,Pop,BTS,135.61,4.96,85,Energetic
293,Hip Hop,The Weeknd,468.06,2.93,80,Happy
294,Rock,The Weeknd,377.99,3.54,49,Relaxing
295,Classical,BTS,168.66,3.68,88,Sad
296,R&B,Imagine Dragons,475.48,4.36,92,Energetic
297,R&B,Taylor,485.15,5.08,69,Happy
298,Jazz,BTS,31.91,3.37,92,Sad
299,Hip Hop,Ariana,477.15,3.13,76,Happy
300,R&B,The Weeknd,468.9,4.04,74,Energetic
301,EDM,The Weeknd,120.66,5.88,76,Happy
302,Rock,Drake,306.6,2.98,82,Happy
303,Jazz,Drake,369.98,3.94,79,Relaxing
304,Hip Hop,BTS,235.7,2.94,49,Relaxing
305,Pop,Imagine Dragons,484.93,2.24,64,Relaxing
306,Jazz,Billie Eilish,293.42,3.1,78,Happy
307,Hip Hop,Taylor,138.43,3.23,99,Energetic
308,Jazz,Imagine Dragons,413.02,2.91,76,Happy
309,EDM,Taylor,356.28,5.25,73,Relaxing
310,Hip Hop,BTS,282.61,4.66,85,Happy
311,R&B,BTS,442.46,4.65,55,Energetic
312,R&B,Drake,293.77,3.94,79,Happy
313,Jazz,The Weeknd,489.37,4.47,82,Relaxing
314,Hip Hop,BTS,375.27,5.64,41,Sad
315,Jazz,Billie Eilish,259.76,5.22,78,Sad
316,Hip Hop,Drake,189.67,4.74,97,Energetic
317,Rock,Imagine Dragons,282.53,5.68,58,Relaxing
318,Classical,Taylor,137.12,5.68,77,Sad
319,Pop,BTS,136.48,4.1,43,Energetic
320,R&B,BTS,297.14,2.05,47,Happy
321,EDM,BTS,85.47,2.99,97,Sad
322,Hip Hop,Billie Eilish,41.08,4.94,96,Happy
323,Rock,Imagine Dragons,421.12,4.63,40,Relaxing
324,Pop,Ariana,369.38,3.05,51,Happy
325,Hip Hop,Ariana,244.52,3.44,69,Relaxing
326,Classical,Drake,457.53,3.52,92,Energetic
327,Classical,Drake,120.93,5.98,46,Sad
328,EDM,Imagine Dragons,410.45,3.15,50,Relaxing
329,Classical,Billie Eilish,356.83,4.12,45,Energetic
330,R&B,The Weeknd,239.61,2.44,47,Energetic
331,Hip Hop,Imagine Dragons,296.67,3.16,40,Sad
332,Rock,Billie Eilish,104.18,5.65,94,Relaxing
333,Rock,The Weeknd,358.35,4.11,50,Energetic
334,EDM,The Weeknd,88.46,5.56,51,Sad
335,Pop,Imagine Dragons,238.83,2.5,44,Relaxing
336,Pop,Imagine Dragons,479.3,5.53,87,Energetic
337,Hip Hop,BTS,275.23,4.44,68,Sad
338,EDM,The Weeknd,99.66,4.91,52,Sad
339,Hip Hop,Drake,402.58,2.86,59,Sad
340,Hip Hop,Imagine Dragons,415.51,2.76,49,Relaxing
341,Classical,The Weeknd,83.4,5.78,86,Energetic
342,EDM,BTS,246.76,5.4,56,Relaxing
343,Classical,Drake,68.17,5.1,62,Sad
344,Hip Hop,The Weeknd,433.23,3.5,81,Relaxing
345,Classical,Billie Eilish,400.31,3.1,96,Relaxing
346,Hip Hop,Billie Eilish,70.88,2.04,94,Sad
347,Jazz,Ariana,368.54,2.81,50,Relaxing
348,Hip Hop,Billie Eilish,344.4,2.63,69,Sad
349,Classical,The Weeknd,419.74,4.29,45,Energetic
350,Pop,BTS,85.99,5.25,60,Happy
351,R&B,Billie Eilish,417.95,2.69,46,Relaxing
352,Rock,Billie Eilish,169.52,2.04,62,Energetic
353,Pop,BTS,372.05,4.08,53,Happy
354,Jazz,Billie Eilish,435.34,5.68,68,Sad
355,Pop,Imagine Dragons,256.12,5.9,95,Relaxing
356,R&B,Imagine Dragons,270.78,3.9,52,Sad
357,Rock,Imagine Dragons,415.11,3.73,65,Happy
358,Hip Hop,BTS,11.48,5.36,59,Sad
359,Rock,Ariana,470.84,4.1,59,Energetic
360,Pop,Imagine Dragons,157.33,3.74,82,Energetic
361,R&B,Imagine Dragons,420.98,2.26,98,Sad
362,Jazz,Drake,194.14,2.62,53,Happy
363,Hip Hop,Billie Eilish,238.82,3.39,93,Sad
364,Jazz,Taylor,101.11,4.91,86,Happy
365,Classical,BTS,462.79,3.04,85,Happy
366,EDM,Imagine Dragons,455.08,5.1,57,Sad
367,Classical,Taylor,391.88,5.92,84,Energetic
368,Classical,Taylor,279.73,3.86,93,Sad
369,R&B,Taylor,316.23,5.01,51,Energetic
370,Rock,Drake,465.95,4.25,81,Energetic
371,EDM,Ariana,309.23,4.02,41,Energetic
372,Rock,Drake,498.81,4.6,67,Energetic
373,Jazz,The Weeknd,469.51,2.28,65,Happy
374,EDM,Billie Eilish,399.38,3.2,59,Relaxing
375,Pop,Billie Eilish,277.96,5.65,96,Energetic
376,Rock,The Weeknd,19.78,4.62,57,Energetic
377,Pop,Billie Eilish,341.32,3.08,68,Energetic
378,R&B,BTS,186.46,4.64,41,Sad
379,EDM,Billie Eilish,457.46,5.71,73,Energetic
380,R&B,Drake,83.81,5.09,45,Relaxing
381,Classical,BTS,89.33,5.67,51,Energetic
382,R&B,Billie Eilish,321.76,4.25,65,Relaxing
383,Hip Hop,Drake,384.67,5.99,45,Energetic
384,Rock,Taylor,132.63,5.0,70,Happy
385,Pop,Imagine Dragons,154.29,3.37,75,Energetic
386,Jazz,BTS,212.92,3.56,72,Sad
387,Pop,Imagine Dragons,463.23,3.25,93,Happy
388,Pop,Ariana,356.48,2.36,97,Sad
389,EDM,Taylor,408.05,2.62,80,Relaxing
390,R&B,Ariana,328.62,3.8,60,Happy
391,Jazz,BTS,322.33,4.02,60,Relaxing
392,Jazz,Ariana,47.68,3.8,89,Relaxing
393,R&B,Ariana,354.82,4.72,63,Sad
394,Rock,Taylor,52.56,2.18,84,Sad
395,Pop,BTS,267.56,4.62,49,Relaxing
396,Jazz,Imagine Dragons,198.07,2.75,67,Energetic
397,R&B,Imagine Dragons,184.17,5.18,53,Happy
398,R&B,Taylor,305.8,4.12,68,Relaxing
399,Classical,Billie Eilish,61.94,4.55,77,Happy
400,Jazz,Taylor,423.29,4.25,40,Energetic
401,Jazz,Drake,428.68,3.83,52,Sad
402,Classical,Taylor,192.88,5.17,88,Relaxing
403,Rock,Billie Eilish,491.77,3.31,92,Relaxing
404,Jazz,Ariana,239.03,5.73,46,Energetic
405,Hip Hop,Imagine Dragons,290.26,5.92,62,Happy
406,Jazz,BTS,87.86,3.69,43,Happy
407,Jazz,Ariana,411.29,5.09,48,Happy
408,Jazz,Billie Eilish,126.47,2.7,94,Energetic
409,Hip Hop,Drake,60.52,2.46,41,Energetic
410,Hip Hop,Drake,218.77,4.33,85,Energetic
411,Jazz,Taylor,356.59,4.39,81,Relaxing
412,Rock,Imagine Dragons,99.26,4.66,45,Relaxing
413,R&B,BTS,344.36,5.54,76,Relaxing
414,Classical,Ariana,46.52,4.13,53,Relaxing
415,Rock,The Weeknd,165.32,4.0,54,Happy
416,Rock,Imagine Dragons,73.93,4.81,52,Energetic
417,EDM,Taylor,320.89,5.47,85,Sad
418,R&B,Ariana,449.14,4.75,80,Sad
419,Classical,Taylor,122.85,4.69,62,Energetic
420,EDM,Drake,175.09,2.13,51,Happy
421,Jazz,Drake,420.25,2.75,50,Happy
422,R&B,BTS,49.03,4.15,78,Energetic
423,R&B,Ariana,211.43,2.91,84,Sad
424,Pop,BTS,174.53,3.98,88,Happy
425,Jazz,BTS,309.31,5.27,80,Sad
426,Jazz,Imagine Dragons,157.16,4.12,99,Relaxing
427,R&B,BTS,330.23,5.88,65,Happy
428,Jazz,Imagine Dragons,207.62,4.73,61,Relaxing
429,Pop,Billie Eilish,405.09,2.84,81,Sad
430,Hip Hop,The Weeknd,193.21,2.39,83,Happy
431,Pop,The Weeknd,350.63,3.92,54,Sad
432,Hip Hop,Imagine Dragons,11.53,4.86,71,Relaxing
433,EDM,Drake,413.28,5.87,66,Energetic
434,R&B,Imagine Dragons,198.72,5.4,53,Relaxing
435,Classical,The Weeknd,337.35,3.26,79,Sad
436,Hip Hop,BTS,151.32,4.03,89,Happy
437,EDM,Drake,494.98,5.22,53,Sad
438,EDM,BTS,233.81,4.65,73,Energetic
439,Hip Hop,Billie Eilish,41.54,5.47,73,Sad
440,EDM,Billie Eilish,236.93,3.57,56,Energetic
441,Hip Hop,Taylor,145.66,2.13,46,Relaxing
442,Classical,Imagine Dragons,468.26,2.38,53,Happy
443,Pop,Billie Eilish,262.89,3.47,90,Relaxing
444,Hip Hop,Billie Eilish,344.94,3.26,69,Relaxing
445,Jazz,The Weeknd,152.46,2.92,61,Sad
446,Classical,The Weeknd,63.49,3.89,43,Sad
447,R&B,Ariana,25.04,2.32,72,Sad
448,Jazz,Billie Eilish,455.65,3.5,40,Sad
449,Rock,Ariana,489.06,2.46,43,Happy
450,Classical,BTS,361.68,5.78,95,Sad
451,Classical,Taylor,318.06,2.25,61,Energetic
452,Rock,Billie Eilish,53.03,4.79,76,Happy
453,Rock,BTS,100.93,2.84,62,Energetic
454,Classical,Billie Eilish,393.31,4.4,84,Sad
455,R&B,Taylor,465.08,5.04,45,Sad
456,Rock,The Weeknd,87.99,4.38,73,Happy
457,Rock,The Weeknd,249.02,2.26,58,Relaxing
458,Jazz,Billie Eilish,456.41,2.05,58,Relaxing
459,Jazz,The Weeknd,471.66,4.71,87,Happy
460,Hip Hop,Ariana,493.87,4.76,84,Relaxing
461,EDM,BTS,11.05,2.29,86,Energetic
462,Pop,Billie Eilish,495.28,2.3,85,Sad
463,Rock,Billie Eilish,42.5,4.4,99,Sad
464,Pop,Imagine Dragons,22.41,5.37,76,Energetic
465,R&B,The Weeknd,52.03,3.18,50,Relaxing
466,EDM,Drake,416.41,2.34,68,Sad
467,Hip Hop,The Weeknd,110.93,2.18,44,Relaxing
468,Pop,The Weeknd,470.55,5.4,65,Energetic
469,Rock,Ariana,262.13,5.79,66,Sad
470,Rock,Imagine Dragons,193.13,5.98,93,Happy
471,Classical,The Weeknd,494.68,5.62,45,Relaxing
472,Pop,Imagine Dragons,265.41,2.07,41,Energetic
473,Rock,Billie Eilish,114.2,2.2,81,Relaxing
474,Rock,Drake,87.72,3.51,75,Relaxing
475,R&B,The Weeknd,428.57,5.66,45,Energetic
476,Pop,BTS,78.55,2.74,80,Sad
477,Rock,The Weeknd,229.9,3.66,54,Sad
478,Classical,Drake,449.52,3.99,97,Sad
479,Hip Hop,Imagine Dragons,368.77,3.05,61,Energetic
480,Classical,Drake,379.38,4.66,62,Energetic
481,Hip Hop,Taylor,422.58,3.98,87,Energetic
482,Rock,BTS,93.99,5.94,42,Relaxing
483,R&B,Billie Eilish,60.63,2.59,77,Happy
484,Hip Hop,Billie Eilish,455.71,4.37,91,Happy
485,Rock,Billie Eilish,275.36,2.42,76,Sad
486,EDM,Taylor,460.5,2.12,97,Happy
487,Hip Hop,The Weeknd,424.41,3.76,87,Happy
488,Jazz,Drake,233.78,2.35,48,Happy
489,Rock,Imagine Dragons,90.25,3.14,97,Relaxing
490,Jazz,BTS,100.97,2.73,50,Energetic
491,Jazz,Imagine Dragons,77.47,3.51,97,Sad
492,Jazz,The Weeknd,355.05,4.41,99,Relaxing
493,Hip Hop,The Weeknd,443.15,2.99,98,Happy
494,Jazz,BTS,463.03,5.66,89,Happy
495,EDM,Imagine Dragons,181.06,3.38,100,Relaxing
496,Jazz,The Weeknd,346.21,4.46,42,Energetic
497,R&B,Billie Eilish,302.56,2.82,43,Relaxing
498,Hip Hop,Billie Eilish,9.28,4.47,71,Sad
499,Hip Hop,Drake,136.4,3.22,63,Happy
500,Classical,Ariana,161.61,4.06,76,Sad
501,R&B,The Weeknd,448.81,2.82,100,Sad
502,Rock,The Weeknd,254.9,5.55,77,Sad
503,Hip Hop,BTS,35.85,4.08,68,Relaxing
504,Hip Hop,Taylor,255.47,5.04,40,Energetic
505,Hip Hop,Billie Eilish,154.67,5.68,82,Happy
506,Pop,The Weeknd,108.57,4.88,98,Sad
507,R&B,Imagine Dragons,59.59,2.17,57,Happy
508,Classical,Billie Eilish,442.58,3.72,55,Happy
509,EDM,The Weeknd,131.33,2.39,65,Energetic
510,Hip Hop,Drake,268.44,5.1,51,Happy
511,EDM,The Weeknd,74.05,5.85,57,Sad
512,Pop,Imagine Dragons,231.62,4.1,57,Energetic
513,Rock,Taylor,126.65,5.59,58,Sad
514,R&B,Ariana,111.08,5.76,45,Relaxing
515,Rock,The Weeknd,101.53,4.37,53,Relaxing
516,Pop,Ariana,287.8,4.14,83,Happy
517,Pop,Billie Eilish,441.51,3.15,95,Sad
518,EDM,BTS,198.3,2.56,52,Happy
519,Hip Hop,Drake,213.96,3.04,65,Sad
520,Rock,Billie Eilish,342.16,4.7,98,Sad
521,Hip Hop,Billie Eilish,457.64,4.69,81,Relaxing
522,R&B,Ariana,471.08,3.41,42,Relaxing
523,EDM,The Weeknd,109.52,2.32,50,Relaxing
524,R&B,Taylor,222.1,3.29,94,Happy
525,Pop,Ariana,400.52,4.34,83,Relaxing
526,Pop,Billie Eilish,431.7,5.77,83,Relaxing
527,Classical,Taylor,276.37,2.13,84,Relaxing
528,Classical,Drake,286.14,5.58,44,Relaxing
529,Hip Hop,The Weeknd,190.61,5.91,86,Happy
530,R&B,Taylor,330.43,3.82,63,Relaxing
531,Classical,BTS,446.2,2.69,47,Relaxing
532,Classical,Billie Eilish,391.12,5.03,41,Energetic
533,Jazz,Imagine Dragons,204.06,5.12,98,Relaxing
534,Pop,The Weeknd,372.04,3.59,71,Happy
535,Classical,Drake,116.79,5.69,75,Relaxing
536,Pop,Taylor,486.55,4.4,43,Relaxing
537,Hip Hop,Billie Eilish,128.63,4.08,96,Happy
538,Rock,The Weeknd,303.34,5.51,42,Energetic
539,Jazz,Ariana,275.21,2.78,71,Happy
540,Pop,BTS,377.76,5.33,68,Sad
541,Jazz,Taylor,424.74,4.81,67,Relaxing
542,Jazz,BTS,110.76,5.58,79,Relaxing
543,Jazz,Billie Eilish,294.85,2.74,99,Energetic
544,EDM,Imagine Dragons,233.02,3.23,79,Relaxing
545,Jazz,Ariana,328.08,2.42,64,Relaxing
546,Rock,Drake,92.03,4.91,63,Relaxing
547,Pop,BTS,169.04,5.14,60,Happy
548,R&B,Billie Eilish,63.94,5.66,93,Happy
549,R&B,Ariana,268.13,2.39,51,Happy
550,Rock,Ariana,91.72,3.96,68,Sad
